{
    "AIEP - Sede Antofagasta" : "Valparaiso",
    "AIEP - Sede Calama" : "Valparaiso",
    "AIEP - Sede Concepción" : "Concepción",
    "AIEP - Sede Puerto Montt" : "Temuco",
    "AIEP - Sede Santiago" : "UdeS",
    "AIEP - Sede Temuco" : "Temuco",
    "AIEP - Sede Valparaíso" : "Valparaiso",
    "AIEP - Sede Viña del Mar" : "Valparaiso",
    "Esane del Norte - Sede Antofagasta" : "Valparaiso",
    "INACAP - Concepción" : "Concepción",
    "INACAP - Sede Antofagasta" : "Valparaiso",
    "INACAP - Sede Arica" : "Valparaiso",
    "INACAP - Sede Concepción" : "Concepción",
    "INACAP - Sede Iquique" : "Valparaiso",
    "INACAP - Sede Los Ángeles" : "Concepción",
    "INACAP - Sede Puerto Montt" : "Temuco",
    "INACAP - Sede Santiago" : "Santiago",
    "INACAP - Sede Temuco" : "Temuco",
    "INACAP - Sede Valparaíso" : "Valparaiso",
    "Instituto Chileno Británico - Sede Santiago" : "UdeS",
    "Instituto Chileno Británico - Sede Viña del Mar" : "Valparaiso",
    "Instituto Profesional Duoc UC - Sede Concepción" : "Concepción",
    "Instituto Profesional Duoc UC - Sede Valparaíso" : "Valparaiso",
    "Instituto Profesional Duoc UC - Sede Viña del Mar" : "Valparaiso",
    "Instituto Profesional Duoc UC - Sedes Santiago" : "Santiago",
    "Instituto Profesional la Araucana - Sede Puerto Montt" : "Temuco",
    "Instituto Profesional la Araucana - Sede Temuco" : "Temuco",
    "Instituto Profesional Los Leones - Santiago" : "UdeS",
    "Instituto Profesional Virginio Gómez - Concepción" : "Concepción",
    "IP Chile - Sede Concepción" : "Concepción",
    "IP Chile - Sede Temuco" : "Temuco",
    "IPP - Sede La Ligua" : "Valparaiso",
    "IPP - Sede Puerto Monttt" : "Temuco",
    "IPP - Sede Temuco" : "Temuco",
    "IPP - Sede Viña del Mar" : "Valparaiso",
    "No estudio de Tarapacá" : "Valparaiso",
    "No estudio pero soy de Antofagasta" : "Valparaiso",
    "No estudio pero soy de Araucanía" : "Temuco",
    "No estudio pero soy de Arica y Parinacota" : "Valparaiso",
    "No estudio pero soy de Bío Bío" : "Concepción",
    "No estudio pero soy de la región de Atacama" : "Valparaiso",
    "No estudio pero soy de la región de Atacama" : "Temuco",
    "No estudio pero soy de la región de Coquimbo" : "Valparaiso",
    "No estudio pero soy de la región de Valparaiso" : "Valparaiso",
    "No estudio pero soy de Libertador Bernardo O'Higgings" : "Concepción",
    "No estudio pero soy de los Lagos" : "Temuco",
    "No estudio pero soy de Los Ríos" : "Temuco",
    "No estudio pero soy de Magallanes" : "Temuco",
    "No estudio pero soy de Maule" : "Concepción",
    "No estudio pero soy de Ñuble" : "Concepción",
    "No estudio pero soy de Valparaiso" : "Valparaiso",
    "Otra universidad de Antofagasta" : "Valparaiso",
    "Otra universidad de Araucanía" : "Temuco",
    "Otra universidad de Arica y Parinacota" : "Valparaiso",
    "Otra universidad de Bío Bío" : "Concepción",
    "Otra universidad de la región de Atacama" : "Valparaiso",
    "Otra universidad de la región de Aysén" : "Temuco",
    "Otra universidad de la región de Coquimbo" : "Valparaiso",
    "Otra universidad de la región de Valparaiso" : "Valparaiso",
    "Otra universidad de Libertador General Bernardo O'Higgins" : "Concepción",
    "Otra universidad de Los Lagos" : "Temuco",
    "Otra universidad de Los Ríos" : "Temuco",
    "Otra universidad de Magallanes" : "Temuco",
    "Otra universidad de Maule" : "Concepción",
    "Otra universidad de Ñuble" : "Concepción",
    "Otra universidad de Tarapacá" : "Valparaiso",
    "Pontificia Universidad Católica de Chile" : "Santiago",
    "Pontificia Universidad Católica de Valparaíso" : "Valparaiso",
    "Teodoro Wicklel - Sede Temuco" : "Temuco",
    "Universidad Academia de Humanismo Cristiano" : "UdeS",
    "Universidad Aconcagua - Sede Puerto Montt" : "Temuco",
    "Universidad Aconcagua - Sede Temuco" : "Temuco",
    "Universidad Adolfo Ibáñez - Sede Santiago" : "UdeS",
    "Universidad Adolfo Ibáñez - Sede Viña del Mar" : "Valparaiso",
    "Universidad Adventista de Chile" : "Concepción",
    "Universidad Alberto Hurtado" : "UdeS",
    "Universidad Andrés Bello - Sede Concepción" : "Concepción",
    "Universidad Andrés Bello - Sede Santiago" : "UdeS",
    "Universidad Andrés Bello - Sede Temuco" : "Temuco",
    "Universidad Andrés Bello - Sede Valparaíso" : "Valparaiso",
    "Universidad Andrés Bello - Sede Viña del Mar" : "Valparaiso",
    "Universidad Arturo Prat - Sede Antofagasta" : "Valparaiso",
    "Universidad Arturo Prat - Sede Arica" : "Valparaiso",
    "Universidad Arturo Prat - Sede Iquique" : "Valparaiso",
    "Universidad Austral de Chile - Campus Isla Teja" : "Temuco",
    "Universidad Austral de Chile - Sede Puerto Montt" : "Temuco",
    "Universidad Autónoma de Chile - Sede Temuco" : "Temuco",
    "Universidad Autónoma de Chile - Sedes Santiago" : "Santiago",
    "Universidad Bernardo O`Higgins - Sede Santiago" : "Santiago",
    "Universidad Bolivariana - Sede Chillán" : "Concepción",
    "Universidad Bolivariana - Sede Concepción" : "Concepción",
    "Universidad Bolivariana - Sede Iquique" : "Valparaiso",
    "Universidad Bolivariana - Sede La Serena" : "Valparaiso",
    "Universidad Bolivariana - Sede Santiago" : "UdeS",
    "Universidad Católica de la Santísima Concepción" : "Concepción",
    "Universidad Católica de Temuco" : "Temuco",
    "Universidad Católica del Maule - Sede Talca" : "Concepción",
    "Universidad Católica del Norte - Antofagasta" : "Valparaiso",
    "Universidad Católica Silva Henríquez" : "UdeS",
    "Universidad Central de Chile - Sede Antofagasta" : "Valparaiso",
    "Universidad Central de Chile - Sede La Serena" : "Valparaiso",
    "Universidad Central de Chile - Sedes Santiago" : "UdeS",
    "Universidad de Aconcagua - Sede La Serena" : "Valparaiso",
    "Universidad de Aconcagua - Sede Rancagua" : "Concepción",
    "Universidad de Aconcagua - Sede Santiago" : "Santiago",
    "Universidad de Aconcagua - Sede Viña del Mar" : "Valparaiso",
    "Universidad de Antofagasta - Antofagasta" : "Valparaiso",
    "Universidad de Artes y Ciencias Sociales (ARCIS) - Sede Concepción" : "Concepción",
    "Universidad de Artes y Ciencias Sociales (ARCIS) - Sede Santiago" : "UdeS",
    "Universidad de Atacama" : "Valparaiso",
    "Universidad de Aysén" : "Temuco",
    "Universidad de Chile" : "Santiago",
    "Universidad de Ciencias de la Informática" : "Santiago",
    "Universidad de Concepción" : "Concepción",
    "Universidad de La Frontera" : "Temuco",
    "Universidad de la Serena" : "Valparaiso",
    "Universidad de las Américas - Concepción" : "Concepción",
    "Universidad de las Américas - Sede Concepción" : "Concepción",
    "Universidad de las Américas - Sede Santiago" : "Santiago",
    "Universidad de Las Américas - Sede Valparaíso" : "Valparaiso",
    "Universidad de Las Américas - Sede Viña del Mar" : "Valparaiso",
    "Universidad de los Andes - Sede Santiago" : "Santiago",
    "Universidad de Los Lagos - Sede Puerto Montt" : "Temuco",
    "Universidad de Magallanes - Sede Porvenir" : "Temuco",
    "Universidad de Magallanes - Sede Puerto Natales" : "Temuco",
    "Universidad de Magallanes - Sede Puerto Williams" : "Temuco",
    "Universidad de Magallanes - Sede Puerto Williams" : "Temuco",
    "Universidad de OHiggins" : "Concepción",
    "Universidad de Playa Ancha" : "Valparaiso",
    "Universidad de Santiago de Chile" : "UdeS",
    "Universidad de Santo Tomás - Sede Santiago" : "UdeS",
    "Universidad de Talca - Sede Santiago" : "Santiago",
    "Universidad de Talca - Sede Talca" : "Concepción",
    "Universidad de Tarapacá - Sede Arica" : "Valparaiso",
    "Universidad de Tarapacá - Sede Iquique" : "Valparaiso",
    "Universidad de Valparaíso - Sede Santiago" : "Santiago",
    "Universidad de Valparaíso - Sede Valparaíso" : "Valparaiso",
    "Universidad de Viña del Mar" : "Valparaiso",
    "Universidad del Bío-Bío" : "Concepción",
    "Universidad del Bío-Bío (UBB)" : "Concepción",
    "Universidad del Desarrollo - Sede Concepción" : "Concepción",
    "Universidad del Desarrollo - Sede Santiago" : "Santiago",
    "Universidad del Desarrollo (UDD) - Concepción" : "Concepción",
    "Universidad del Mar - Sede Antofagasta" : "Valparaiso",
    "Universidad del Mar - Sede Arica" : "Valparaiso",
    "Universidad del Mar - Sede Centro Sur" : "Concepción",
    "Universidad del Mar - Sede Iquique" : "Valparaiso",
    "Universidad del Pacífico" : "Santiago",
    "Universidad Diego Portales" : "UdeS",
    "Universidad Finis Terrae" : "UdeS",
    "Universidad Gabriela Mistral - Santiago" : "Santiago",
    "Universidad Iberoamericana de Ciencias y Tecnología" : "UdeS",
    "Universidad Internacional SEK" : "Santiago",
    "Universidad La República - Concepción" : "Concepción",
    "Universidad La República - Sede Chillán" : "Concepción",
    "Universidad La República - Sede Concepción" : "Concepción",
    "Universidad La República - Sede Los Ángeles" : "Concepción",
    "Universidad La República - Sede Rancagua" : "Concepción",
    "Universidad La República - Sede San Fernando" : "Concepción",
    "Universidad Mayor - Sede Santiago" : "Santiago",
    "Universidad Mayor - Sede Temuco" : "Temuco",
    "Universidad Metropolitana de Ciencias de la Educación - Sedes Santiago" : "Santiago",
    "Universidad Miguel de Cervantes - Sede Santiago" : "Santiago",
    "Universidad Nacional Andrés Bello - Concepción" : "Concepción",
    "Universidad Pedro de Valdivia - Concepción" : "Concepción",
    "Universidad Pedro de Valdivia - Sede Chillán" : "Concepción",
    "Universidad Pedro de Valdivia - Sede Santiago" : "Santiago",
    "Universidad Regional San Marcos" : "Concepción",
    "Universidad San Sebastián - Sede Concepción" : "Concepción",
    "Universidad San Sebastián - Sede Santiago" : "UdeS",
    "Universidad San Sebastián (USS) - Concepción" : "Concepción",
    "Universidad Santo Tomás - Concepción" : "Concepción",
    "Universidad Santo Tomás - Sede Antofagasta" : "Valparaiso",
    "Universidad Santo Tomás - Sede Arica" : "Valparaiso",
    "Universidad Santo Tomás - Sede Concepción" : "Concepción",
    "Universidad Santo Tomás - Sede Iquique" : "Valparaiso",
    "Universidad Santo Tomás - Sede Los Ángeles" : "Concepción",
    "Universidad Santo Tomás - Sede Osorno" : "Temuco",
    "Universidad Santo Tomás - Sede Temuco" : "Temuco",
    "Universidad Santo Tomás - Sede Viña del Mar" : "Valparaiso",
    "Universidad Técnica Federico Santa María - Sede Concepción" : "Concepción",
    "Universidad Técnica Federico Santa María - Sede Concepción" : "Concepción",
    "Universidad Técnica Federico Santa María - Sede Valparaíso" : "Valparaiso",
    "Universidad Técnica Federico Santa María - Sede Viña del Mar" : "Valparaiso",
    "Universidad Técnica Federico Santa María - Sedes Santiago" : "Santiago",
    "Universidad Técnica Federico Santa María (UTFSM) - Concepción" : "Concepción",
    "Universidad Tecnológica Metropolitana" : "Santiago",
    "Universidad UCINF - Sede Santiago" : "Santiago"
    
}