[
 {
   "id_carrera": 1,
   "carrera": "Antropología"
 },
 {
   "id_carrera": 2,
   "carrera": "Arqueología"
 },
 {
   "id_carrera": 3,
   "carrera": "Arquitectura y Urbanismo"
 },
 {
  "id_carrera": 4,
  "carrera": "Arte y Diseño"
},
 {
   "id_carrera": 5,
   "carrera": "Diseño gráfico"
 },
 {
   "id_carrera": 6,
   "carrera": "Artes Escénicas"
 },
 {
   "id_carrera": 7,
   "carrera": "Administración"
 },
 {
   "id_carrera": 8,
   "carrera": "Contabilidad"
 },
 {
   "id_carrera": 9,
   "carrera": "Economía"
 },
 {
   "id_carrera": 10,
   "carrera": "Marketing"
 },
 {
   "id_carrera": 11,
   "carrera": "Negocios Internacionales"
 },
 {
   "id_carrera": 12,
   "carrera": "Ciencias de la Salud"
 },
 {
   "id_carrera": 13,
   "carrera": "Medicina veterinaria"
 },
 {
   "id_carrera": 14,
   "carrera": "Ciencias Sociales"
 },
 {
   "id_carrera": 15,
   "carrera": "Ciencias e Ingeniería"
 },
 {
   "id_carrera": 16,
   "carrera": "Hotelería y turismo"
 },
 {
   "id_carrera": 17,
   "carrera": "Ingeniería Civil"
 },
 {
   "id_carrera": 18,
   "carrera": "Ingeniería Industrial"
 },
 {
   "id_carrera": 19,
   "carrera": "Ingeniería de Sistemas"
 },
 {
   "id_carrera": 20,
   "carrera": "Idiomas"
 },
 {
   "id_carrera": 21,
   "carrera": "Ciencias de la Comunicación"
 },
 {
   "id_carrera": 22,
   "carrera": "Derecho"
 },
 {
   "id_carrera": 23,
   "carrera": "Educación"
 },
 {
   "id_carrera": 24,
   "carrera": "Letras y Ciencias Humanas"
 },
 {
   "id_carrera": 25,
   "carrera": "Gestión y Alta Dirección"
 },
 {
   "id_carrera": 26,
   "carrera": "Publicidad y afines"
 },
 {
   "id_carrera": 27,
   "carrera": "Tecnología de información"
 },
 {
   "id_carrera": 28,
   "carrera": "Otros"
 }
]
