[
{
"id_ciudad": 1,
"nombre_ciudad": "Arica y Parinacota"
},
{
"id_ciudad": 2,
"nombre_ciudad": "Tarapacá"
},
{
"id_ciudad": 3,
"nombre_ciudad": "Antofagasta"
},
{
"id_ciudad": 4,
"nombre_ciudad": "Atacama"
},
{
"id_ciudad": 5,
"nombre_ciudad": "Coquimbo"
},
{
"id_ciudad": 6,
"nombre_ciudad": "Valparaiso"
},
{
"id_ciudad": 7,
"nombre_ciudad": "Región metropolitana de Santiago"
},
{
"id_ciudad": 8,
"nombre_ciudad": "OHiggins"
},
{
"id_ciudad": 9,
"nombre_ciudad": "Maule"
},
{
"id_ciudad": 10,
"nombre_ciudad": "Ñuble"
},
{
"id_ciudad": 11,
"nombre_ciudad": "Bíobío"
},
{
"id_ciudad": 12,
"nombre_ciudad": "La Araucanía"
},
{
"id_ciudad": 13,
"nombre_ciudad": "Los Rios"
},
{
"id_ciudad": 14,
"nombre_ciudad": "Los Lagos"
},
{
"id_ciudad": 15,
"nombre_ciudad": "Aysén"
},
{
"id_ciudad": 16,
"nombre_ciudad": "Magallanes"
}
]