[  
  {
    "id_podio": 1,
    "id_expa": 188,
    "nombre_comite": "UdeS"
  },
  {
    "id_podio": 2,
    "id_expa": 993,
    "nombre_comite": "Santiago"
  },
  {
    "id_podio": 3,
    "id_expa": 2,
    "nombre_comite": "Valparaiso"
  },
  {
    "id_podio": 4,
    "id_expa": 50,
    "nombre_comite": "Temuco"
  },
  {
    "id_podio": 5,
    "id_expa": 785,
    "nombre_comite": "Concepción"
  },
  {
    "id_podio": 6,
    "id_expa": 1714,
    "nombre_comite": "MC Chile"
  }
]