[
{
"id_region":3,
"id_universidad": 16,
"nombre_universidad":"AIEP - Sede Antofagasta",
"c_id_podio":3, 
"c_id_expa":1895
},
{
"id_region":3,
"id_universidad": 17,
"nombre_universidad":"AIEP - Sede Calama",
"c_id_podio":3, 
"c_id_expa":1806
},
{
"id_region":11,
"id_universidad": 118,
"nombre_universidad":"AIEP - Sede Concepción",
"c_id_podio":5, 
"c_id_expa":4806
},
{
"id_region":14,
"id_universidad": 171,
"nombre_universidad":"AIEP - Sede Puerto Montt",
"c_id_podio":4, 
"c_id_expa":4775
},
{
"id_region":7,
"id_universidad": 61,
"nombre_universidad":"AIEP - Sede Santiago",
"c_id_podio":1, 
"c_id_expa":2311
},
{
"id_region":12,
"id_universidad": 152,
"nombre_universidad":"AIEP - Sede Temuco",
"c_id_podio":4, 
"c_id_expa":4773
},
{
"id_region":6,
"id_universidad": 39,
"nombre_universidad":"AIEP - Sede Valparaíso",
"c_id_podio":3, 
"c_id_expa":1211
},
{
"id_region":6,
"id_universidad": 38,
"nombre_universidad":"AIEP - Sede Viña del Mar",
"c_id_podio":3, 
"c_id_expa":1172
},
{
"id_region":3,
"id_universidad": 18,
"nombre_universidad":"Esane del Norte - Sede Antofagasta",
"c_id_podio":3, 
"c_id_expa":4757
},
{
"id_region":11,
"id_universidad": 119,
"nombre_universidad":"INACAP - Concepción",
"c_id_podio":5, 
"c_id_expa":8991
},
{
"id_region":3,
"id_universidad": 19,
"nombre_universidad":"INACAP - Sede Antofagasta",
"c_id_podio":3, 
"c_id_expa":1474
},
{
"id_region":1,
"id_universidad": 1,
"nombre_universidad":"INACAP - Sede Arica",
"c_id_podio":3, 
"c_id_expa":1754
},
{
"id_region":11,
"id_universidad": 120,
"nombre_universidad":"INACAP - Sede Concepción",
"c_id_podio":5, 
"c_id_expa":1909
},
{
"id_region":2,
"id_universidad": 8,
"nombre_universidad":"INACAP - Sede Iquique",
"c_id_podio":3, 
"c_id_expa":1606
},
{
"id_region":11,
"id_universidad": 121,
"nombre_universidad":"INACAP - Sede Los Ángeles",
"c_id_podio":5, 
"c_id_expa":1848
},
{
"id_region":14,
"id_universidad": 172,
"nombre_universidad":"INACAP - Sede Puerto Montt",
"c_id_podio":4, 
"c_id_expa":4770
},
{
"id_region":7,
"id_universidad": 78,
"nombre_universidad":"INACAP - Sede Santiago",
"c_id_podio":2, 
"c_id_expa":170
},
{
"id_region":12,
"id_universidad": 153,
"nombre_universidad":"INACAP - Sede Temuco",
"c_id_podio":4, 
"c_id_expa":4768
},
{
"id_region":6,
"id_universidad": 53,
"nombre_universidad":"INACAP - Sede Valparaíso",
"c_id_podio":3, 
"c_id_expa":2954
},
{
"id_region":7,
"id_universidad": 62,
"nombre_universidad":"Instituto Chileno Británico - Sede Santiago",
"c_id_podio":1, 
"c_id_expa":200
},
{
"id_region":6,
"id_universidad": 40,
"nombre_universidad":"Instituto Chileno Británico - Sede Viña del Mar",
"c_id_podio":3, 
"c_id_expa":1268
},
{
"id_region":11,
"id_universidad": 122,
"nombre_universidad":"Instituto Profesional Duoc UC - Sede Concepción",
"c_id_podio":5, 
"c_id_expa":2974
},
{
"id_region":6,
"id_universidad": 54,
"nombre_universidad":"Instituto Profesional Duoc UC - Sede Valparaíso",
"c_id_podio":3, 
"c_id_expa":2956
},
{
"id_region":6,
"id_universidad": 37,
"nombre_universidad":"Instituto Profesional Duoc UC - Sede Viña del Mar",
"c_id_podio":3, 
"c_id_expa":1170
},
{
"id_region":7,
"id_universidad": 79,
"nombre_universidad":"Instituto Profesional Duoc UC - Sedes Santiago",
"c_id_podio":2, 
"c_id_expa":54
},
{
"id_region":14,
"id_universidad": 154,
"nombre_universidad":"Instituto Profesional la Araucana - Sede Puerto Montt",
"c_id_podio":4, 
"c_id_expa":4791
},
{
"id_region":12,
"id_universidad": 155,
"nombre_universidad":"Instituto Profesional la Araucana - Sede Temuco",
"c_id_podio":4, 
"c_id_expa":4789
},
{
"id_region":7,
"id_universidad": 63,
"nombre_universidad":"Instituto Profesional Los Leones - Santiago",
"c_id_podio":1, 
"c_id_expa":1232
},
{
"id_region":11,
"id_universidad": 123,
"nombre_universidad":"Instituto Profesional Virginio Gómez - Concepción",
"c_id_podio":5, 
"c_id_expa":3071
},
{
"id_region":11,
"id_universidad": 124,
"nombre_universidad":"IP Chile - Sede Concepción",
"c_id_podio":5, 
"c_id_expa":4798
},
{
"id_region":12,
"id_universidad": 156,
"nombre_universidad":"IP Chile - Sede Temuco",
"c_id_podio":4, 
"c_id_expa":4793
},
{
"id_region":6,
"id_universidad": 42,
"nombre_universidad":"IPP - Sede La Ligua",
"c_id_podio":3, 
"c_id_expa":1516
},
{
"id_region":14,
"id_universidad": 173,
"nombre_universidad":"IPP - Sede Puerto Monttt",
"c_id_podio":4, 
"c_id_expa":4781
},
{
"id_region":12,
"id_universidad": 157,
"nombre_universidad":"IPP - Sede Temuco",
"c_id_podio":4, 
"c_id_expa":4778
},
{
"id_region":6,
"id_universidad": 41,
"nombre_universidad":"IPP - Sede Viña del Mar",
"c_id_podio":3, 
"c_id_expa":1470
},
{
"id_region":2,
"id_universidad": 9,
"nombre_universidad":"No estudio de Tarapacá",
"c_id_podio":3, 
"c_id_expa":9042
},
{
"id_region":3,
"id_universidad": 20,
"nombre_universidad":"No estudio pero soy de Antofagasta",
"c_id_podio":3, 
"c_id_expa":9043
},
{
"id_region":12,
"id_universidad": 158,
"nombre_universidad":"No estudio pero soy de Araucanía",
"c_id_podio":4, 
"c_id_expa":9032
},
{
"id_region":1,
"id_universidad": 2,
"nombre_universidad":"No estudio pero soy de Arica y Parinacota",
"c_id_podio":3, 
"c_id_expa":9041
},
{
"id_region":11,
"id_universidad": 125,
"nombre_universidad":"No estudio pero soy de Bío Bío",
"c_id_podio":5, 
"c_id_expa":9037
},
{
"id_region":4,
"id_universidad": 28,
"nombre_universidad":"No estudio pero soy de la región de Atacama",
"c_id_podio":3, 
"c_id_expa":9044
},
{
"id_region":5,
"id_universidad": 31,
"nombre_universidad":"No estudio pero soy de la región de Coquimbo",
"c_id_podio":3, 
"c_id_expa":9045
},
{
"id_region":6,
"id_universidad": 59,
"nombre_universidad":"No estudio pero soy de la región de Valparaiso",
"c_id_podio":3, 
"c_id_expa":9046
},
{
"id_region":8,
"id_universidad": 106,
"nombre_universidad":"No estudio pero soy de Libertador Bernardo O'Higgings",
"c_id_podio":5, 
"c_id_expa":9040
},
{
"id_region":14,
"id_universidad": 174,
"nombre_universidad":"No estudio pero soy de los Lagos",
"c_id_podio":4, 
"c_id_expa":9035
},
{
"id_region":13,
"id_universidad": 169,
"nombre_universidad":"No estudio pero soy de Los Ríos",
"c_id_podio":4, 
"c_id_expa":9034
},
{
"id_region":16,
"id_universidad": 183,
"nombre_universidad":"No estudio pero soy de Magallanes",
"c_id_podio":4, 
"c_id_expa":9036
},
{
"id_region":9,
"id_universidad": 107,
"nombre_universidad":"No estudio pero soy de Maule",
"c_id_podio":5, 
"c_id_expa":9038
},
{
"id_region":10,
"id_universidad": 112,
"nombre_universidad":"No estudio pero soy de Ñuble",
"c_id_podio":5, 
"c_id_expa":9039
},
{
"id_region":6,
"id_universidad": 60,
"nombre_universidad":"No estudio pero soy de Valparaiso",
"c_id_podio":3, 
"c_id_expa":9047
},
{
"id_region":3,
"id_universidad": 21,
"nombre_universidad":"Otra universidad de Antofagasta",
"c_id_podio":3, 
"c_id_expa":9023
},
{
"id_region":12,
"id_universidad": 159,
"nombre_universidad":"Otra universidad de Araucanía",
"c_id_podio":4, 
"c_id_expa":9016
},
{
"id_region":1,
"id_universidad": 3,
"nombre_universidad":"Otra universidad de Arica y Parinacota",
"c_id_podio":3, 
"c_id_expa":9021
},
{
"id_region":11,
"id_universidad": 186,
"nombre_universidad":"Otra universidad de Bío Bío",
"c_id_podio":5, 
"c_id_expa":9028
},
{
"id_region":4,
"id_universidad": 126,
"nombre_universidad":"Otra universidad de la región de Atacama",
"c_id_podio":3, 
"c_id_expa":9024
},
{
"id_region":15,
"id_universidad": 29,
"nombre_universidad":"Otra universidad de la región de Aysén",
"c_id_podio":4, 
"c_id_expa":9024
},
{
"id_region":5,
"id_universidad": 32,
"nombre_universidad":"Otra universidad de la región de Coquimbo",
"c_id_podio":3, 
"c_id_expa":9025
},
{
"id_region":6,
"id_universidad": 58,
"nombre_universidad":"Otra universidad de la región de Valparaiso",
"c_id_podio":3, 
"c_id_expa":9026
},
{
"id_region":8,
"id_universidad": 105,
"nombre_universidad":"Otra universidad de Libertador General Bernardo O'Higgins",
"c_id_podio":5, 
"c_id_expa":9030
},
{
"id_region":14,
"id_universidad": 175,
"nombre_universidad":"Otra universidad de Los Lagos",
"c_id_podio":4, 
"c_id_expa":9018
},
{
"id_region":13,
"id_universidad": 168,
"nombre_universidad":"Otra universidad de Los Ríos",
"c_id_podio":4, 
"c_id_expa":9017
},
{
"id_region":16,
"id_universidad": 184,
"nombre_universidad":"Otra universidad de Magallanes",
"c_id_podio":4, 
"c_id_expa":9020
},
{
"id_region":9,
"id_universidad": 108,
"nombre_universidad":"Otra universidad de Maule",
"c_id_podio":5, 
"c_id_expa":9029
},
{
"id_region":10,
"id_universidad": 113,
"nombre_universidad":"Otra universidad de Ñuble",
"c_id_podio":5, 
"c_id_expa":9027
},
{
"id_region":2,
"id_universidad": 10,
"nombre_universidad":"Otra universidad de Tarapacá",
"c_id_podio":3, 
"c_id_expa":9022
},
{
"id_region":7,
"id_universidad": 80,
"nombre_universidad":"Pontificia Universidad Católica de Chile",
"c_id_podio":2, 
"c_id_expa":100
},
{
"id_region":6,
"id_universidad": 50,
"nombre_universidad":"Pontificia Universidad Católica de Valparaíso",
"c_id_podio":3, 
"c_id_expa":2945
},
{
"id_region":12,
"id_universidad": 160,
"nombre_universidad":"Teodoro Wicklel - Sede Temuco",
"c_id_podio":4, 
"c_id_expa":4776
},
{
"id_region":7,
"id_universidad": 64,
"nombre_universidad":"Universidad Academia de Humanismo Cristiano",
"c_id_podio":1, 
"c_id_expa":266
},
{
"id_region":14,
"id_universidad": 176,
"nombre_universidad":"Universidad Aconcagua - Sede Puerto Montt",
"c_id_podio":4, 
"c_id_expa":4785
},
{
"id_region":12,
"id_universidad": 161,
"nombre_universidad":"Universidad Aconcagua - Sede Temuco",
"c_id_podio":4, 
"c_id_expa":4784
},
{
"id_region":7,
"id_universidad": 65,
"nombre_universidad":"Universidad Adolfo Ibáñez - Sede Santiago",
"c_id_podio":1, 
"c_id_expa":103
},
{
"id_region":6,
"id_universidad": 52,
"nombre_universidad":"Universidad Adolfo Ibáñez - Sede Viña del Mar",
"c_id_podio":3, 
"c_id_expa":2947
},
{
"id_region":10,
"id_universidad": 117,
"nombre_universidad":"Universidad Adventista de Chile",
"c_id_podio":5, 
"c_id_expa":3202
},
{
"id_region":7,
"id_universidad": 66,
"nombre_universidad":"Universidad Alberto Hurtado",
"c_id_podio":1, 
"c_id_expa":310
},
{
"id_region":11,
"id_universidad": 127,
"nombre_universidad":"Universidad Andrés Bello - Sede Concepción",
"c_id_podio":5, 
"c_id_expa":2971
},
{
"id_region":7,
"id_universidad": 67,
"nombre_universidad":"Universidad Andrés Bello - Sede Santiago",
"c_id_podio":1, 
"c_id_expa":224
},
{
"id_region":12,
"id_universidad": 162,
"nombre_universidad":"Universidad Andrés Bello - Sede Temuco",
"c_id_podio":4, 
"c_id_expa":4787
},
{
"id_region":6,
"id_universidad": 46,
"nombre_universidad":"Universidad Andrés Bello - Sede Valparaíso",
"c_id_podio":3, 
"c_id_expa":2936
},
{
"id_region":6,
"id_universidad": 55,
"nombre_universidad":"Universidad Andrés Bello - Sede Viña del Mar",
"c_id_podio":3, 
"c_id_expa":4796
},
{
"id_region":3,
"id_universidad": 22,
"nombre_universidad":"Universidad Arturo Prat - Sede Antofagasta",
"c_id_podio":3, 
"c_id_expa":1269
},
{
"id_region":1,
"id_universidad": 4,
"nombre_universidad":"Universidad Arturo Prat - Sede Arica",
"c_id_podio":3, 
"c_id_expa":1552
},
{
"id_region":2,
"id_universidad": 11,
"nombre_universidad":"Universidad Arturo Prat - Sede Iquique",
"c_id_podio":3, 
"c_id_expa":2957
},
{
"id_region":13,
"id_universidad": 170,
"nombre_universidad":"Universidad Austral de Chile - Campus Isla Teja",
"c_id_podio":4, 
"c_id_expa":3294
},
{
"id_region":14,
"id_universidad": 177,
"nombre_universidad":"Universidad Austral de Chile - Sede Puerto Montt",
"c_id_podio":4, 
"c_id_expa":4761
},
{
"id_region":12,
"id_universidad": 163,
"nombre_universidad":"Universidad Autónoma de Chile - Sede Temuco",
"c_id_podio":4, 
"c_id_expa":3308
},
{
"id_region":7,
"id_universidad": 81,
"nombre_universidad":"Universidad Autónoma de Chile - Sedes Santiago",
"c_id_podio":2, 
"c_id_expa":134
},
{
"id_region":7,
"id_universidad": 82,
"nombre_universidad":"Universidad Bernardo O`Higgins - Sede Santiago",
"c_id_podio":2, 
"c_id_expa":315
},
{
"id_region":10,
"id_universidad": 114,
"nombre_universidad":"Universidad Bolivariana - Sede Chillán",
"c_id_podio":5, 
"c_id_expa":2993
},
{
"id_region":11,
"id_universidad": 128,
"nombre_universidad": "Universidad Bolivariana - Sede Concepción",
"c_id_podio":5, 
"c_id_expa":2973
},
{
"id_region":2,
"id_universidad": 12,
"nombre_universidad":"Universidad Bolivariana - Sede Iquique",
"c_id_podio":3, 
"c_id_expa":2958
},
{
"id_region":5,
"id_universidad": 33,
"nombre_universidad":"Universidad Bolivariana - Sede La Serena",
"c_id_podio":3, 
"c_id_expa":2953
},
{
"id_region":7,
"id_universidad": 68,
"nombre_universidad":"Universidad Bolivariana - Sede Santiago",
"c_id_podio":1, 
"c_id_expa":1325
},
{
"id_region":11,
"id_universidad": 129,
"nombre_universidad":"Universidad Católica de la Santísima Concepción",
"c_id_podio":5, 
"c_id_expa":2970
},
{
"id_region":12,
"id_universidad": 164,
"nombre_universidad":"Universidad Católica de Temuco",
"c_id_podio":4, 
"c_id_expa":3302
},
{
"id_region":9,
"id_universidad": 109,
"nombre_universidad":"Universidad Católica del Maule - Sede Talca",
"c_id_podio":5, 
"c_id_expa":2966
},
{
"id_region":3,
"id_universidad": 23,
"nombre_universidad":"Universidad Católica del Norte - Antofagasta",
"c_id_podio":3, 
"c_id_expa":2964
},
{
"id_region":7,
"id_universidad": 69,
"nombre_universidad":"Universidad Católica Silva Henríquez",
"c_id_podio":1, 
"c_id_expa":204
},
{
"id_region":3,
"id_universidad": 24,
"nombre_universidad":"Universidad Central de Chile - Sede Antofagasta",
"c_id_podio":3, 
"c_id_expa":2962
},
{
"id_region":5,
"id_universidad": 34,
"nombre_universidad":"Universidad Central de Chile - Sede La Serena",
"c_id_podio":3, 
"c_id_expa":2952
},
{
"id_region":7,
"id_universidad": 70,
"nombre_universidad":"Universidad Central de Chile - Sedes Santiago",
"c_id_podio":1, 
"c_id_expa":110
},
{
"id_region":5,
"id_universidad": 35,
"nombre_universidad":"Universidad de Aconcagua - Sede La Serena",
"c_id_podio":3, 
"c_id_expa":1169
},
{
"id_region":8,
"id_universidad": 101,
"nombre_universidad":"Universidad de Aconcagua - Sede Rancagua",
"c_id_podio":5, 
"c_id_expa":1559
},
{
"id_region":7,
"id_universidad": 83,
"nombre_universidad":"Universidad de Aconcagua - Sede Santiago",
"c_id_podio":2, 
"c_id_expa":65
},
{
"id_region":6,
"id_universidad": 48,
"nombre_universidad":"Universidad de Aconcagua - Sede Viña del Mar",
"c_id_podio":3, 
"c_id_expa":2941
},
{
"id_region":3,
"id_universidad": 25,
"nombre_universidad":"Universidad de Antofagasta - Antofagasta",
"c_id_podio":3, 
"c_id_expa":2960
},
{
"id_region":11,
"id_universidad": 130,
"nombre_universidad":"Universidad de Artes y Ciencias Sociales (ARCIS) - Sede Concepción",
"c_id_podio":5, 
"c_id_expa":1475
},
{
"id_region":7,
"id_universidad": 71,
"nombre_universidad":"Universidad de Artes y Ciencias Sociales (ARCIS) - Sede Santiago",
"c_id_podio":1, 
"c_id_expa":85
},
{
"id_region":4,
"id_universidad": 30,
"nombre_universidad":"Universidad de Atacama",
"c_id_podio":3, 
"c_id_expa":2959
},
{
"id_region":15,
"id_universidad": 182,
"nombre_universidad":"Universidad de Aysén",
"c_id_podio":4, 
"c_id_expa":9050
},
{
"id_region":7,
"id_universidad": 84,
"nombre_universidad":"Universidad de Chile",
"c_id_podio":2, 
"c_id_expa":875
},
{
"id_region":7,
"id_universidad": 85,
"nombre_universidad":"Universidad de Ciencias de la Informática",
"c_id_podio":2, 
"c_id_expa":105
},
{
"id_region":11,
"id_universidad": 131,
"nombre_universidad":"Universidad de Concepción",
"c_id_podio":5, 
"c_id_expa":2969
},
{
"id_region":12,
"id_universidad": 165,
"nombre_universidad":"Universidad de La Frontera",
"c_id_podio":4, 
"c_id_expa":3303
},
{
"id_region":5,
"id_universidad": 36,
"nombre_universidad":"Universidad de la Serena",
"c_id_podio":3, 
"c_id_expa":5356
},
{
"id_region":11,
"id_universidad": 132,
"nombre_universidad":"Universidad de las Américas - Concepción",
"c_id_podio":5, 
"c_id_expa":8988
},
{
"id_region":11,
"id_universidad": 133,
"nombre_universidad":"Universidad de las Américas - Sede Concepción",
"c_id_podio":5, 
"c_id_expa":2268
},
{
"id_region":7,
"id_universidad": 86,
"nombre_universidad":"Universidad de las Américas - Sede Santiago",
"c_id_podio":2, 
"c_id_expa":109
},
{
"id_region":6,
"id_universidad": 47,
"nombre_universidad":"Universidad de Las Américas - Sede Valparaíso",
"c_id_podio":3, 
"c_id_expa":2937
},
{
"id_region":6,
"id_universidad": 57,
"nombre_universidad":"Universidad de Las Américas - Sede Viña del Mar",
"c_id_podio":3, 
"c_id_expa":4818
},
{
"id_region":7,
"id_universidad": 88,
"nombre_universidad":"Universidad de los Andes - Sede Santiago",
"c_id_podio":2, 
"c_id_expa":217
},
{
"id_region":14,
"id_universidad": 178,
"nombre_universidad":"Universidad de Los Lagos - Sede Puerto Montt",
"c_id_podio":4, 
"c_id_expa":3316
},
{
"id_region":16,
"id_universidad": 185,
"nombre_universidad":"Universidad de Magallanes - Sede Porvenir",
"c_id_podio":4, 
"c_id_expa":3311
},
{
"id_region":16,
"id_universidad": 179,
"nombre_universidad":"Universidad de Magallanes - Sede Puerto Natales",
"c_id_podio":4, 
"c_id_expa":3306
},
{
"id_region":14,
"id_universidad": 180,
"nombre_universidad":"Universidad de Magallanes - Sede Puerto Williams",
"c_id_podio":4, 
"c_id_expa":3314
},
{
"id_region":8,
"id_universidad": 104,
"nombre_universidad":"Universidad de OHiggins",
"c_id_podio":5, 
"c_id_expa":9051
},
{
"id_region":6,
"id_universidad": 44,
"nombre_universidad":"Universidad de Playa Ancha",
"c_id_podio":3, 
"c_id_expa":2934
},
{
"id_region":7,
"id_universidad": 72,
"nombre_universidad":"Universidad de Santiago de Chile",
"c_id_podio":1, 
"c_id_expa":101
},
{
"id_region":7,
"id_universidad": 73,
"nombre_universidad":"Universidad de Santo Tomás - Sede Santiago",
"c_id_podio":1, 
"c_id_expa":115
},
{
"id_region":7,
"id_universidad": 90,
"nombre_universidad":"Universidad de Talca - Sede Santiago",
"c_id_podio":2, 
"c_id_expa":5202
},
{
"id_region":9,
"id_universidad": 110,
"nombre_universidad":"Universidad de Talca - Sede Talca",
"c_id_podio":5, 
"c_id_expa":2967
},
{
"id_region":1,
"id_universidad": 5,
"nombre_universidad":"Universidad de Tarapacá - Sede Arica",
"c_id_podio":3, 
"c_id_expa":1655
},
{
"id_region":2,
"id_universidad": 13,
"nombre_universidad":"Universidad de Tarapacá - Sede Iquique",
"c_id_podio":3, 
"c_id_expa":2961
},
{
"id_region":7,
"id_universidad": 91,
"nombre_universidad":"Universidad de Valparaíso - Sede Santiago",
"c_id_podio":2, 
"c_id_expa":135
},
{
"id_region":6,
"id_universidad": 43,
"nombre_universidad":"Universidad de Valparaíso - Sede Valparaíso",
"c_id_podio":3, 
"c_id_expa":2933
},
{
"id_region":6,
"id_universidad": 45,
"nombre_universidad":"Universidad de Viña del Mar",
"c_id_podio":3, 
"c_id_expa":4819
},
{
"id_region":11,
"id_universidad": 134,
"nombre_universidad":"Universidad del Bío-Bío",
"c_id_podio":5, 
"c_id_expa":2968
},
{
"id_region":11,
"id_universidad": 135,
"nombre_universidad":"Universidad del Bío-Bío (UBB)",
"c_id_podio":5, 
"c_id_expa":8990
},
{
"id_region":11,
"id_universidad": 136,
"nombre_universidad":"Universidad del Desarrollo - Sede Concepción",
"c_id_podio":5, 
"c_id_expa":2152
},
{
"id_region":7,
"id_universidad": 87,
"nombre_universidad":"Universidad del Desarrollo - Sede Santiago",
"c_id_podio":2, 
"c_id_expa":67
},
{
"id_region":11,
"id_universidad": 137,
"nombre_universidad":"Universidad del Desarrollo (UDD) - Concepción",
"c_id_podio":5, 
"c_id_expa":8996
},
{
"id_region":3,
"id_universidad": 26,
"nombre_universidad":"Universidad del Mar - Sede Antofagasta",
"c_id_podio":3, 
"c_id_expa":1985
},
{
"id_region":1,
"id_universidad": 6,
"nombre_universidad":"Universidad del Mar - Sede Arica",
"c_id_podio":3, 
"c_id_expa":1364
},
{
"id_region":9,
"id_universidad": 111,
"nombre_universidad":"Universidad del Mar - Sede Centro Sur",
"c_id_podio":5, 
"c_id_expa":2113
},
{
"id_region":2,
"id_universidad": 14,
"nombre_universidad":"Universidad del Mar - Sede Iquique",
"c_id_podio":3, 
"c_id_expa":1952
},
{
"id_region":7,
"id_universidad": 89,
"nombre_universidad":"Universidad del Pacífico",
"c_id_podio":2, 
"c_id_expa":202
},
{
"id_region":7,
"id_universidad": 74,
"nombre_universidad":"Universidad Diego Portales",
"c_id_podio":1, 
"c_id_expa":208
},
{
"id_region":7,
"id_universidad": 75,
"nombre_universidad":"Universidad Finis Terrae",
"c_id_podio":1, 
"c_id_expa":430
},
{
"id_region":7,
"id_universidad": 92,
"nombre_universidad":"Universidad Gabriela Mistral - Santiago",
"c_id_podio":2, 
"c_id_expa":106
},
{
"id_region":7,
"id_universidad": 76,
"nombre_universidad":"Universidad Iberoamericana de Ciencias y Tecnología",
"c_id_podio":1, 
"c_id_expa":163
},
{
"id_region":7,
"id_universidad": 93,
"nombre_universidad":"Universidad Internacional SEK",
"c_id_podio":2, 
"c_id_expa":97
},
{
"id_region":11,
"id_universidad": 138,
"nombre_universidad":"Universidad La República - Concepción",
"c_id_podio":5, 
"c_id_expa":8997
},
{
"id_region":10,
"id_universidad": 115,
"nombre_universidad":"Universidad La República - Sede Chillán",
"c_id_podio":5, 
"c_id_expa":1565
},
{
"id_region":11,
"id_universidad": 139,
"nombre_universidad":"Universidad La República - Sede Concepción",
"c_id_podio":5, 
"c_id_expa":1518
},
{
"id_region":11,
"id_universidad": 140,
"nombre_universidad":"Universidad La República - Sede Los Ángeles",
"c_id_podio":5, 
"c_id_expa":2040
},
{
"id_region":8,
"id_universidad": 102,
"nombre_universidad":"Universidad La República - Sede Rancagua",
"c_id_podio":5, 
"c_id_expa":2185
},
{
"id_region":8,
"id_universidad": 103,
"nombre_universidad":"Universidad La República - Sede San Fernando",
"c_id_podio":5, 
"c_id_expa":2151
},
{
"id_region":7,
"id_universidad": 94,
"nombre_universidad":"Universidad Mayor - Sede Santiago",
"c_id_podio":2, 
"c_id_expa":918
},
{
"id_region":12,
"id_universidad": 166,
"nombre_universidad":"Universidad Mayor - Sede Temuco",
"c_id_podio":4, 
"c_id_expa":4764
},
{
"id_region":7,
"id_universidad": 95,
"nombre_universidad":"Universidad Metropolitana de Ciencias de la Educación - Sedes Santiago",
"c_id_podio":2, 
"c_id_expa":102
},
{
"id_region":7,
"id_universidad": 96,
"nombre_universidad":"Universidad Miguel de Cervantes - Sede Santiago",
"c_id_podio":2, 
"c_id_expa":260
},
{
"id_region":11,
"id_universidad": 141,
"nombre_universidad":"Universidad Nacional Andrés Bello - Concepción",
"c_id_podio":5, 
"c_id_expa":8995
},
{
"id_region":11,
"id_universidad": 142,
"nombre_universidad":"Universidad Pedro de Valdivia - Concepción",
"c_id_podio":5, 
"c_id_expa":8993
},
{
"id_region":10,
"id_universidad": 116,
"nombre_universidad":"Universidad Pedro de Valdivia - Sede Chillán",
"c_id_podio":5, 
"c_id_expa":1953
},
{
"id_region":7,
"id_universidad": 143,
"nombre_universidad":"Universidad Pedro de Valdivia - Sede Santiago",
"c_id_podio":2, 
"c_id_expa":70
},
{
"id_region":11,
"id_universidad": 97,
"nombre_universidad":"Universidad Regional San Marcos",
"c_id_podio":5, 
"c_id_expa":2972
},
{
"id_region":11,
"id_universidad": 151,
"nombre_universidad":"Universidad San Sebastián - Sede Concepción",
"c_id_podio":5, 
"c_id_expa":2992
},
{
"id_region":7,
"id_universidad": 144,
"nombre_universidad":"Universidad San Sebastián - Sede Santiago",
"c_id_podio":1, 
"c_id_expa":171
},
{
"id_region":11,
"id_universidad": 77,
"nombre_universidad":"Universidad San Sebastián (USS) - Concepción",
"c_id_podio":5, 
"c_id_expa":8994
},
{
"id_region":11,
"id_universidad": 145,
"nombre_universidad":"Universidad Santo Tomás - Concepción",
"c_id_podio":5, 
"c_id_expa":8992
},
{
"id_region":3,
"id_universidad": 146,
"nombre_universidad":"Universidad Santo Tomás - Sede Antofagasta",
"c_id_podio":3, 
"c_id_expa":1847
},
{
"id_region":1,
"id_universidad": 27,
"nombre_universidad":"Universidad Santo Tomás - Sede Arica",
"c_id_podio":3, 
"c_id_expa":1271
},
{
"id_region":11,
"id_universidad": 7,
"nombre_universidad":"Universidad Santo Tomás - Sede Concepción",
"c_id_podio":5, 
"c_id_expa":3282
},
{
"id_region":2,
"id_universidad": 147,
"nombre_universidad":"Universidad Santo Tomás - Sede Iquique",
"c_id_podio":3, 
"c_id_expa":1272
},
{
"id_region":11,
"id_universidad": 15,
"nombre_universidad":"Universidad Santo Tomás - Sede Los Ángeles",
"c_id_podio":5, 
"c_id_expa":2186
},
{
"id_region":14,
"id_universidad": 148,
"nombre_universidad":"Universidad Santo Tomás - Sede Osorno",
"c_id_podio":4, 
"c_id_expa":4766
},
{
"id_region":12,
"id_universidad": 181,
"nombre_universidad":"Universidad Santo Tomás - Sede Temuco",
"c_id_podio":4, 
"c_id_expa":4765
},
{
"id_region":6,
"id_universidad": 167,
"nombre_universidad":"Universidad Santo Tomás - Sede Viña del Mar",
"c_id_podio":3, 
"c_id_expa":4797
},
{
"id_region":11,
"id_universidad": 56,
"nombre_universidad":"Universidad Técnica Federico Santa María - Sede Concepción",
"c_id_podio":5, 
"c_id_expa":1613
},
{
"id_region":11,
"id_universidad": 149,
"nombre_universidad":"Universidad Técnica Federico Santa María - Sede Concepción",
"c_id_podio":5, 
"c_id_expa":4813
},
{
"id_region":6,
"id_universidad": 49,
"nombre_universidad":"Universidad Técnica Federico Santa María - Sede Valparaíso",
"c_id_podio":3, 
"c_id_expa":2944
},
{
"id_region":6,
"id_universidad": 51,
"nombre_universidad":"Universidad Técnica Federico Santa María - Sede Viña del Mar",
"c_id_podio":3, 
"c_id_expa":2946
},
{
"id_region":7,
"id_universidad": 98,
"nombre_universidad":"Universidad Técnica Federico Santa María - Sedes Santiago",
"c_id_podio":2, 
"c_id_expa":261
},
{
"id_region":11,
"id_universidad": 150,
"nombre_universidad":"Universidad Técnica Federico Santa María (UTFSM) - Concepción",
"c_id_podio":5, 
"c_id_expa":8998
},
{
"id_region":7,
"id_universidad": 99,
"nombre_universidad":"Universidad Tecnológica Metropolitana",
"c_id_podio":2, 
"c_id_expa":165
},
{
"id_region":7,
"id_universidad": 100,
"nombre_universidad":"Universidad UCINF - Sede Santiago",
"c_id_podio":2, 
"c_id_expa":4795
}
]